variant,front_px,fdist_persist_med,fdist_persist,grad,front_frac,freq30,fdist
baseline,0.023942936507936507,65.15880042980916,,,,,
persist 0.2,0.023942936507936507,44.47814032781579,0.972,,,,
persist 0.5,0.023942936507936507,113.99345855361676,0.951,,,,
sigma x0.5,0.02700533068783069,60.14784868705523,0.988,0.997,0.915,0.982,0.983
sigma x1.5,0.020535916005291,73.34181751050134,0.987,0.996,0.898,0.978,0.977
high p85,0.030362748015873017,38.91805465560252,0.952,1.0,0.863,0.953,0.914
high p95,0.014449556878306877,171.38728296215538,0.902,1.0,0.752,0.884,0.875
ratio 3:1,0.02673811177248677,56.58054938893541,0.99,1.0,0.948,0.973,0.988
err p90,0.02011928902116402,70.75414161598832,0.976,1.0,0.907,0.999,0.975
err p99,0.026795267857142858,62.43116322583465,0.986,1.0,0.934,1.0,0.983
